record_number,justified_permit,county_name,well_elevation,total_depth,latitude83,longitude83,original_result,deepest_pay,date_completed
89012,77698  ,Johnson     ,849,895,37.944508,-82.886107,DG ,339BREA                            ,28-Jul-89
107327,84282  ,Lawrence    ,843,1202,37.972983,-82.796538,GAS,339BREA                            ,15-Jul-93
37631,974E9  ,Lawrence    ,820,1140,38.012912,-82.785384,GAS,339BREA                            ,23-Jan-60
37665,968E8  ,Lawrence    ,869,1278,38.015294,-82.756594,GAS,339BREA                            ,19-Feb-59
37672,837E8  ,Lawrence    ,728,1148,38.012912,-82.750401,GAS,339BREA                            ,09-Dec-58
43795,,Johnson     ,820,892,37.954051,-82.882033,GAS,339BREA                            ,
43965,,Johnson     ,950,980,37.923622,-82.948154,GAS,339BREA                            ,30-Sep-22
49717,328E0  ,Lawrence    ,748,964,37.989924,-82.836109,GAS,339BREA                            ,10-Jun-60
50963,7201   ,Lawrence    ,620,1343,38.022159,-82.66927,GAS,339BREA                            ,03-Oct-67
50965,12424  ,Lawrence    ,738,1419,38.019555,-82.683571,GAS,339BREA                            ,13-Oct-64
51630,3053EF ,Lawrence    ,720,1471,38.000412,-82.643753,GAS,339BREA                            ,26-Jan-56
62622,,Lawrence    ,700,1317,37.974493,-82.67187,GAS,339BREA                            ,04-Nov-20
101293,80031  ,Lawrence    ,691,1474,38.008376,-82.647918,GAS,339BREA                            ,18-Jul-90
111586,86564  ,Lawrence    ,811,1692,37.913921,-82.648787,GAS,000                                ,30-Jun-95
37379,1147   ,Lawrence    ,862,1309,38.022935,-82.756649,GAS,339BREA                            ,01-Dec-60
37587,,Lawrence    ,780,1128,38.008513,-82.758329,GAS,339BREA                            ,31-Dec-24
101518,80215  ,Lawrence    ,832,1228,38.00517,-82.7721,GAS,339BREA                            ,26-Oct-90
43147,,Johnson     ,925,718,37.973807,-82.919303,GAS,337WEIR                            ,
49219,,Johnson     ,1060,1145,37.838963,-82.98503,GAS,337WEIR                            ,
49722,16894  ,Lawrence    ,760,989,37.979304,-82.822272,GAS,339BREA                            ,03-Apr-67
127274,95999  ,Lawrence    ,888,1532,37.985588,-82.697972,GAS,339BREA                            ,25-Jul-04
50961,688E9  ,Lawrence    ,680,1375,38.031274,-82.686024,GAS,339BREA                            ,26-Oct-59
50978,9127   ,Lawrence    ,795,1400,38.028343,-82.716963,GAS,339BREA                            ,28-Oct-63
51381,N11647 ,Lawrence    ,574,1261,38.011724,-82.662155,GAS,339BREA                            ,04-Jul-56
51563,N11642 ,Lawrence    ,620,1292,38.003798,-82.66481,GAS,339BREA                            ,13-Feb-57
62625,3505EF ,Lawrence    ,760,1393,37.989191,-82.675579,GAS,339BREA                            ,24-Sep-56
77419,,Johnson     ,800,1150,37.72143,-82.906714,GAS,332BIGL                            ,29-Apr-28
86893,,Johnson     ,870,909,37.926743,-82.95572,GAS,339BREA                            ,
101292,80030  ,Lawrence    ,619,1405,38.00939,-82.638019,GAS,339BREA                            ,14-Jul-90
102428,80846  ,Lawrence    ,866,1641,38.008931,-82.65439,GAS,339BREA                            ,20-Jul-90
37581,17108  ,Lawrence    ,805,1130,38.004854,-82.809956,GAS,339BREA                            ,14-Jun-66
37632,,Lawrence    ,900,1200,38.011264,-82.782347,GAS,339BREA                            ,14-Mar-60
37657,665    ,Lawrence    ,721,1065,38.010525,-82.800403,GAS,339BREA                            ,26-Aug-60
37664,,Lawrence    ,815,1080,38.009527,-82.792365,GAS,339BREA                            ,31-Oct-60
43454,32649  ,Johnson     ,901,925,37.95893,-82.929925,GAS,339BREA                            ,26-Oct-77
43586,,Johnson     ,840,848,37.946705,-82.89948,GAS,339BREA                            ,
45796,32174  ,Johnson     ,904,873,37.963323,-82.934781,GAS,339BREA                            ,29-May-77
45944,,Johnson     ,890,898,37.957742,-82.883507,GAS,339BREA                            ,
49217,,Johnson     ,910,880,37.8435,-82.976817,GAS,337WEIR                            ,18-Apr-19
52284,15903  ,Lawrence    ,764,1362,38.011127,-82.699012,GAS,339BREA                            ,15-Apr-66
52320,193E8  ,Lawrence    ,780,1235,38.015431,-82.738547,GAS,339BREA                            ,15-May-58
62533,2362EF ,Lawrence    ,610,1312,37.986835,-82.679517,GAS,339BREA                            ,17-Dec-54
62612,3298EF ,Lawrence    ,940,1484,37.992586,-82.6743,GAS,339BREA                            ,02-Jul-56
62619,3935EF ,Lawrence    ,700,1510,37.993088,-82.677314,GAS,339BREA                            ,12-Jul-57
11643,52528  ,Lawrence    ,760,1868,38.078479,-82.6596,GAS,339BREA                            ,30-Oct-82
36490,7337   ,Johnson     ,861,982,37.83348,-82.963006,GAS,339BREA                            ,17-Sep-62
37391,,Lawrence    ,868,,38.017985,-82.765834,GAS,339BREA                            ,31-Dec-24
37472,1454   ,Lawrence    ,890,1252,38.017216,-82.779862,GAS,339BREA                            ,08-Dec-60
38085,31808  ,Lawrence    ,820,1047,38.046705,-82.946875,GAS,339BREA                            ,31-Mar-77
43861,,Johnson     ,910,957,37.96447,-82.896532,GAS,339BREA                            ,10-Jan-31
44129,,Johnson     ,1030,1030,37.945744,-82.931773,GAS,339BREA                            ,
51541,3833EF ,Lawrence    ,890,1626,38.003386,-82.646407,GAS,339BREA                            ,30-May-67
51558,3221EF ,Lawrence    ,572,1265,38.01504,-82.65812,GAS,339BREA                            ,26-May-56
52305,3936EF ,Lawrence    ,680,1309,38.000824,-82.681077,GAS,339BREA                            ,13-Sep-57
52307,,Lawrence    ,750,,38.004943,-82.676731,GAS,339BREA                            ,
52309,3858EF ,Lawrence    ,736,1344,38.001052,-82.688591,GAS,339BREA                            ,12-Jun-57
52324,3699   ,Lawrence    ,942,1407,38.000165,-82.742278,GAS,339BREA                            ,23-Sep-61
62476,1880EF ,Lawrence    ,580,1274,37.994736,-82.663249,GAS,339BREA                            ,29-Dec-54
62495,26814  ,Lawrence    ,808,1430,37.982202,-82.699966,GAS,339BREA                            ,21-Jul-73
62615,3130EF ,Lawrence    ,635,1296,37.999451,-82.678637,GAS,339BREA                            ,21-Feb-56
62617,3686EF ,Lawrence    ,610,1260,37.988139,-82.673953,GAS,339BREA                            ,12-Mar-57
62632,27177  ,Lawrence    ,684,1324,37.964931,-82.72076,GAS,339BREA                            ,27-Sep-73
87037,,Johnson     ,900,841,37.957779,-82.914386,GAS,330MSSP                            ,
37295,24925  ,Lawrence    ,670,1022,38.022816,-82.813282,GAS,339BREA                            ,07-Jul-71
37388,,Lawrence    ,670,1008,38.018294,-82.805262,GAS,339BREA                            ,31-Dec-23
41616,,Johnson     ,892,926,37.967134,-82.891466,GAS,339BREA                            ,18-Jan-31
41633,32412  ,Johnson     ,952,956,37.972324,-82.925528,GAS,339BREA                            ,21-Oct-77
43910,,Johnson     ,919,870,37.926283,-82.938419,GAS,339BREA                            ,31-Dec-23
46006,,Johnson     ,850,875,37.967992,-82.914819,GAS,337WEIR1                           ,
49647,18817  ,Lawrence    ,785,1047,37.976084,-82.831252,GAS,339BREA                            ,14-Mar-67
50967,30956  ,Lawrence    ,665,1388,38.028645,-82.672185,GAS,339BREA                            ,31-Jul-76
51373,12707  ,Lawrence    ,735,1442,38.02472,-82.675576,GAS,339BREA                            ,11-Jan-64
52306,N11644 ,Lawrence    ,630,,38.011312,-82.671699,GAS,339BREA                            ,
52308,3254EF ,Lawrence    ,660,,38.008329,-82.670189,GAS,339BREA                            ,
62477,1975EF ,Lawrence    ,600,1252,37.996705,-82.660248,GAS,339BREA                            ,16-Apr-54
62616,3812EF ,Lawrence    ,720,1295,37.989787,-82.68316,GAS,339BREA                            ,23-Apr-57
62618,3798EF ,Lawrence    ,790,1357,37.981227,-82.680957,GAS,339BREA                            ,23-May-57
77336,,Johnson     ,700,1105,37.730681,-82.918627,GAS,339BREA                            ,31-Oct-46
86224,N5097  ,Lawrence    ,585,1533,38.149262,-82.684344,GAS,339BREA                            ,13-May-20
86229,,Lawrence    ,590,1758,38.146517,-82.688602,GAS,339BREA                            ,19-Nov-19
36446,,Johnson     ,855,1143,37.785256,-82.905537,GAS,337WEIR                            ,31-Dec-19
37303,1863   ,Lawrence    ,888,1350,38.019413,-82.777258,GAS,339BREA                            ,01-Mar-61
37380,4095EF ,Lawrence    ,739,1183,38.017985,-82.750833,GAS,339BREA                            ,02-Apr-58
43903,,Johnson     ,1070,927,37.928253,-82.941133,GAS,339BREA                            ,
45298,,Johnson     ,920,985,37.949266,-82.91326,GAS,339BREA                            ,
50962,14418  ,Lawrence    ,770,1389,38.021335,-82.692884,GAS,339BREA                            ,29-Nov-65
51379,,Lawrence    ,680,1293,38.010167,-82.669668,GAS,339BREA                            ,08-Mar-57
51565,6125   ,Lawrence    ,605,1334,38.022159,-82.65955,GAS,339BREA                            ,05-Jul-65
51566,9240   ,Lawrence    ,628,1380,38.026194,-82.665209,GAS,339BREA                            ,19-Sep-63
52281,26897  ,Lawrence    ,849,1339,38.001703,-82.721352,GAS,339BREA                            ,12-Aug-73
52316,3748EF ,Lawrence    ,766,1367,38.003386,-82.696062,GAS,339BREA                            ,03-Apr-57
62609,2297EF ,Lawrence    ,660,1345,37.981686,-82.686802,GAS,339BREA                            ,17-Sep-54
137808,105534 ,Johnson     ,1030,1092,37.830906,-82.983932,GAS,000                                ,17-Apr-09
86946,,Johnson     ,872,909,37.92537,-82.95572,GAS,339BREA                            ,
104287,82305  ,Lawrence    ,877,1284,38.000543,-82.764066,GAS,339BREA                            ,26-Aug-91
91020,78471  ,Lawrence    ,905,1280,38.02161,-82.783184,GAS,339BREA                            ,07-Oct-89
37444,32616  ,Johnson     ,1018,1087,37.97417,-82.957518,GAS,339BREA                            ,26-Oct-77
37580,560E9  ,Lawrence    ,750,1075,38.006131,-82.80717,GAS,339BREA                            ,30-Sep-59
37658,232    ,Lawrence    ,690,1137,38.011264,-82.798217,GAS,339BREA                            ,28-Jul-60
41594,32411  ,Johnson     ,970,1003,37.975782,-82.939994,GAS,339BREA                            ,26-Oct-77
43453,32650  ,Johnson     ,987,988,37.962877,-82.93153,GAS,339BREA                            ,26-Oct-77
45943,,Johnson     ,920,848,37.960351,-82.89237,GAS,339BREA                            ,02-Sep-26
49218,,Johnson     ,1100,1178,37.83965,-82.9729,GAS,337WEIR                            ,
51374,13696  ,Lawrence    ,620,1323,38.016804,-82.671353,GAS,339BREA                            ,15-Jun-65
51545,3650EF ,Lawrence    ,650,1320,38.010716,-82.665938,GAS,339BREA                            ,16-Jan-57
52303,3731EF ,Lawrence    ,600,1357,38.003021,-82.68368,GAS,337WEIR                            ,22-Mar-57
62499,9627   ,Lawrence    ,762,1424,37.933883,-82.749792,GAS,339BREA                            ,21-Jul-64
62611,3011EF ,Lawrence    ,620,,37.984432,-82.67917,GAS,339BREA                            ,
62613,3088EF ,Lawrence    ,630,1293,37.996705,-82.672739,GAS,339BREA                            ,20-Jan-56
62636,,Lawrence    ,600,1299,37.990199,-82.663544,GAS,339BREA                            ,04-Oct-30
86947,,Johnson     ,910,965,37.954827,-82.881571,GAS,000                                ,
102939,81283  ,Lawrence    ,814,1635,38.014535,-82.649046,GAS,339BREA                            ,29-Jan-91
37443,32578  ,Johnson     ,957,974,37.973807,-82.953816,GAS,339BREA                            ,26-Oct-77
37583,1099   ,Lawrence    ,855,1234,38.015294,-82.781598,GAS,339BREA                            ,04-Nov-60
37912,,Lawrence    ,646,1270,38.053982,-82.823005,GAS,339BREA                            ,15-Dec-20
43459,32173  ,Johnson     ,890,927,37.963646,-82.919788,GAS,339BREA                            ,02-Jun-77
43584,,Johnson     ,832,878,37.93045,-82.9106,GAS,339BREA                            ,
43796,,Johnson     ,900,892,37.952424,-82.882699,GAS,339BREA                            ,
46017,,Johnson     ,980,1036,37.825095,-82.973937,GAS,337WEIR                            ,
49718,16887  ,Lawrence    ,903,1004,37.98459,-82.843292,GAS,339BREA                            ,21-May-66
50746,6513   ,Lawrence    ,710,1624,38.066804,-82.716146,GAS,339BREA                            ,16-Jun-62
50964,10346  ,Lawrence    ,700,1369,38.024287,-82.684028,GAS,339BREA                            ,19-May-64
51022,670E8  ,Lawrence    ,776,1251,38.017855,-82.73252,GAS,339BREA                            ,10-Sep-58
51026,607E8  ,Lawrence    ,777,1236,38.018864,-82.747917,GAS,339BREA                            ,20-Aug-58
51377,N13315 ,Lawrence    ,780,1355,38.001464,-82.678354,GAS,339BREA                            ,09-Aug-57
51542,560EF  ,Lawrence    ,622,1321,38.001785,-82.658503,GAS,339BREA                            ,16-Mar-51
51629,21487  ,Lawrence    ,652,1400,38.008725,-82.643892,GAS,339BREA                            ,22-Nov-68
52279,21921  ,Lawrence    ,693,1433,38.006797,-82.651215,GAS,339BREA                            ,04-Apr-69
52304,3190EF ,Lawrence    ,640,1328,38.003845,-82.672567,GAS,339BREA                            ,07-Apr-56
62610,3369EF ,Lawrence    ,760,1317,37.996521,-82.67714,GAS,339BREA                            ,02-Aug-56
62614,2918EF ,Lawrence    ,640,,37.985393,-82.673086,GAS,339BREA                            ,
2046573,       ,Lawrence    ,630,,38.103383,-82.682866,LOC,000                                ,
86949,,Johnson     ,,1093,37.887049,-82.892263,LOC,339BREA                            ,26-May-60
2046575,,Lawrence    ,715,,38.068403,-82.673493,LOC,000                                ,23-Jan-13
62501,10415  ,Lawrence    ,643,1205,37.970602,-82.736336,O&G,339BREA                            ,15-Jul-65
28542,57132  ,Lawrence    ,820,1129,38.012388,-82.998639,O&G,337BRDN                            ,02-Oct-83
143121,109494 ,Lawrence    ,800,4450,38.064059,-82.651362,O&G,341BREA                            ,05-Sep-12
28539,54567  ,Lawrence    ,698,1977,38.226496,-82.713081,O&G,339BREA                            ,17-Mar-83
62503,11848  ,Lawrence    ,692,1302,37.975323,-82.715332,O&G,339BREA                            ,15-Jan-65
62626,,Lawrence    ,600,1271,37.972799,-82.715159,O&G,339BREA                            ,31-Dec-17
134692,102779 ,Lawrence    ,754,1653,38.17003,-82.78785,O&G,341OHIO                            ,04-Sep-09
49710,10319  ,Lawrence    ,796,1141,37.98862,-82.786179,O&G,339BREA                            ,16-Mar-64
49700,3451   ,Lawrence    ,800,1201,37.970602,-82.774526,O&G,339BREA                            ,25-Apr-62
52318,19008  ,Lawrence    ,866,1358,38.003982,-82.720345,O&G,339BREA                            ,17-Aug-67
141810,108342 ,Greenup     ,855,3658,38.429324,-82.821832,OIL,341BREA                            ,21-Oct-11
85434,,Johnson     ,643,945,37.827247,-82.848154,OIL,000                                ,
86268,1319   ,Lawrence    ,580,1602,38.156676,-82.679737,OIL,339BREA                            ,29-Nov-60
11209,51689  ,Johnson     ,875,693,37.857945,-82.991015,OIL,337WEIR                            ,29-Sep-82
11655,46535  ,Lawrence    ,615,1636,38.16436,-82.686959,OIL,339BREA                            ,06-Feb-82
142776,109184 ,Greenup     ,885,3229,38.454831,-82.807696,OIL,341BREA                            ,11-Jun-12
143114,109499 ,Greenup     ,604,3220,38.455076,-82.825819,OIL,341BREA                            ,23-Aug-12
143733,109995 ,Lawrence    ,586,5003,38.051473,-82.618764,OIL,000                                ,25-Apr-13
107188,84196  ,Lawrence    ,839,1155,37.977869,-82.802116,OIL,339BREA                            ,18-Jan-93
35328,,Lawrence    ,940,1056,38.020736,-82.984784,OIL,337WEIR2                           ,28-Feb-23
2046579,,Lawrence    ,563,,38.023347,-82.618627,OIL,000                                ,
26751,32080  ,Lawrence    ,685,1202,38.031823,-82.812154,OIL,339BREA                            ,18-Aug-82
28541,57092  ,Lawrence    ,890,1120,38.019001,-82.915278,OIL,337BRDN                            ,14-Sep-83
51402,29974  ,Lawrence    ,852,1936,38.111669,-82.661628,OIL,339BREA                            ,04-Jan-76
141334,108162 ,Greenup     ,651,3167,38.452979,-82.811481,OIL,341BREA                            ,29-Jul-11
86272,860    ,Lawrence    ,590,1788,38.153793,-82.675564,OIL,339BREA                            ,15-Sep-60
143258,109587 ,Greenup     ,904,4146,38.39728,-82.869382,OIL,341BREA                            ,09-Oct-12
143373,109710 ,Lawrence    ,810,4564,38.065443,-82.639797,OIL,000                                ,18-Apr-13
143374,109711 ,Lawrence    ,807,4151,38.065416,-82.639859,OIL,000                                ,12-Apr-13
143735,110008 ,Lawrence    ,826,4825,38.049647,-82.630379,OIL,000                                ,06-May-13
143736,110015 ,Lawrence    ,681,1428,38.024226,-82.63855,OIL,000                                ,10-Mar-13
143802,110075 ,Greenup     ,816,4414,38.450416,-82.836431,OIL,000                                ,07-Jun-13
143831,110105 ,Greenup     ,845,4099,38.456218,-82.806586,OIL,000                                ,28-May-13
143936,110246 ,Lawrence    ,776,4850,38.068873,-82.673643,OIL,000                                ,29-Jun-13
143939,110258 ,Lawrence    ,606,1364,38.019453,-82.633222,OIL,000                                ,15-Apr-13
107493,84419  ,Lawrence    ,990,1098,38.010601,-83.0006,OIL,337WEIR                            ,04-Jun-93
36480,,Johnson     ,858,923,37.865248,-82.917246,OIL,339BREA                            ,
39036,7030   ,Lawrence    ,1025,1165,37.974552,-82.990627,OIL,337WEIR2                           ,13-Nov-62
45821,2969EF ,Johnson     ,868,882,37.93919,-82.965861,OIL,339BREA                            ,03-Oct-55
48019,66091  ,Lawrence    ,990,1202,38.012498,-83.001104,OIL,337WEIR                            ,14-Dec-84
49721,,Lawrence    ,780,1001,37.977292,-82.821003,OIL,339BREA                            ,
2046601,,Lawrence    ,687,1574,38.059939,-82.689585,OIL,000                                ,08-Nov-19
23314,50120  ,Lawrence    ,701,1043,38.017537,-82.917629,OIL,339BREA                            ,02-Apr-83
51395,,Lawrence    ,680,1704,38.11804,-82.642545,OIL,339BREA                            ,
57890,7067   ,Lawrence    ,762,1808,38.12355,-82.665851,OIL,339BREA                            ,31-Aug-62
62674,70462  ,Lawrence    ,600,1507,38.169605,-82.729542,OIL,339BREA                            ,22-Apr-86
142162,108656 ,Greenup     ,740,3549,38.452787,-82.815706,OIL,341BREA                            ,30-Oct-11
85487,,Lawrence    ,630,1818,38.099882,-82.603317,OIL,339BREA                            ,02-Feb-50
86267,2415   ,Lawrence    ,690,1743,38.169224,-82.67991,OIL,339BREA                            ,
86283,864    ,Lawrence    ,740,1796,38.152626,-82.66733,OIL,339BREA                            ,15-Jul-60
86447,19695  ,Lawrence    ,790,1834,38.130674,-82.663418,OIL,339BREA                            ,04-Oct-67
86509,39264  ,Lawrence    ,574,1620,38.162685,-82.678186,OIL,339BREA                            ,17-Oct-80
87028,,Johnson     ,933,923,37.954346,-82.933393,OIL,339BREA                            ,
11565,39118  ,Lawrence    ,959,1275,38.022878,-82.979751,OIL,337WEIR2                           ,06-Oct-80
11572,41612  ,Lawrence    ,945,1231,38.024823,-82.963438,OIL,337WEIR1                           ,23-Apr-81
11629,39985  ,Lawrence    ,755,1179,38.026386,-82.812432,OIL,339BREA                            ,19-Jan-81
143665,109946 ,Greenup     ,718,3954,38.447019,-82.822668,OIL,000                                ,02-Mar-13
143667,109956 ,Lawrence    ,638,3685,38.025883,-82.636603,OIL,000                                ,06-Mar-13
143941,110256 ,Lawrence    ,691,1422,38.024413,-82.638345,OIL,000                                ,08-Mar-13
144221,110465 ,Greenup     ,703,1047,38.443859,-82.841953,OIL,000                                ,19-Sep-14
34445,58699  ,Lawrence    ,761,1889,38.171364,-82.663939,OIL,339BREA                            ,15-Feb-84
36131,32055  ,Lawrence    ,798,995,38.010823,-82.996037,OIL,339BREA                            ,06-Jul-78
37452,,Johnson     ,788,947,37.97537,-82.969893,OIL,337WEIR                            ,22-Dec-20
37459,28188  ,Johnson     ,951,1093,37.977553,-82.967204,OIL,339BREA                            ,18-Apr-75
46028,,Johnson     ,821,712,37.86765,-82.979325,OIL,337WEIR                            ,30-Apr-22
49042,,Johnson     ,760,899,37.854394,-82.910259,OIL,337WEIR                            ,13-Jan-30
23316,38020  ,Lawrence    ,752,1074,38.010351,-82.895974,OIL,339BREA                            ,10-Jul-80
26687,50374  ,Lawrence    ,895,1165,37.995749,-83.011664,OIL,337WEIR                            ,11-Sep-83
66803,16543  ,Greenup     ,725,1072,38.45508,-82.791103,OIL,339BREA                            ,28-Apr-66
86285,862    ,Lawrence    ,755,1830,38.153433,-82.671883,OIL,339BREA                            ,04-Aug-60
11221,43711  ,Johnson     ,830,977,37.974862,-82.975131,OIL,339BREA                            ,24-Jul-81
11560,41613  ,Lawrence    ,783,1100,38.023893,-82.989678,OIL,339BREA                            ,19-May-81
143531,109850 ,Greenup     ,781,4008,38.451816,-82.834252,OIL,341BREA                            ,17-Feb-13
144107,110377 ,Lawrence    ,659,2271,38.11017,-82.673219,OIL,000                                ,21-Oct-13
108996,N10496 ,Lawrence    ,700,1708,38.153776,-82.649235,OIL,300PLZC                            ,
38374,24736  ,Lawrence    ,1020,1373,38.018383,-82.979688,OIL,337WEIR                            ,20-May-71
37831,,Lawrence    ,680,850,38.016755,-82.900059,OIL,339BREA                            ,20-Jul-20
37916,,Lawrence    ,810,1001,38.013399,-82.999271,OIL,339BREA                            ,15-Apr-21
45338,64942  ,Lawrence    ,700,837,38.020599,-82.927597,OIL,337WEIR                            ,04-Oct-84
26684,50321  ,Lawrence    ,860,1060,37.990259,-83.006481,OIL,337WEIR                            ,30-Sep-82
26920,60823  ,Johnson     ,987,1005,37.859664,-82.950952,OIL,339BREA                            ,03-Jul-84
28538,53394  ,Lawrence    ,635,1692,38.171364,-82.682066,OIL,339BREA                            ,30-Mar-83
28540,53393  ,Lawrence    ,803,1890,38.172435,-82.6582,OIL,339BREA                            ,06-Dec-83
50824,,Lawrence    ,720,1719,38.076145,-82.681042,OIL,339BREA                            ,19-May-19
51691,3436EF ,Lawrence    ,580,1385,38.010167,-82.627312,OIL,339BREA                            ,17-Aug-56
66797,17622  ,Greenup     ,742,1190,38.452003,-82.792206,OIL,339BREA                            ,04-Oct-66
85471,,Lawrence    ,600,1724,38.07436,-82.60665,OIL,339BREA                            ,
85492,3797   ,Lawrence    ,573,1815,38.098303,-82.600572,OIL,339BREA                            ,28-Aug-61
86284,863    ,Lawrence    ,858,1835,38.152609,-82.670144,OIL,339BREA                            ,23-Jun-60
86286,861    ,Lawrence    ,720,1818,38.154394,-82.673448,OIL,339BREA                            ,09-Sep-60
86462,1887   ,Lawrence    ,810,1867,38.126194,-82.659019,OIL,339BREA                            ,31-May-61
86578,20490  ,Lawrence    ,839,1902,38.131274,-82.655388,OIL,339BREA                            ,06-Apr-68
11559,39988  ,Lawrence    ,796,1120,38.02312,-82.991144,OIL,339BREA                            ,06-Nov-80
142840,109239 ,Greenup     ,737,3850,38.450202,-82.820078,OIL,341BREA                            ,06-Jun-12
142870,109309 ,Greenup     ,731,3819,38.393669,-82.83514,OIL,341BREA                            ,30-Jan-13
143364,109709 ,Greenup     ,820,1228,38.48504,-82.798854,OIL,341BREA                            ,19-Jan-13
143532,109881 ,Greenup     ,868,4135,38.444155,-82.806633,OIL,341BREA                            ,11-Feb-13
143599,109904 ,Lawrence    ,639,4418,38.025841,-82.636697,OIL,000                                ,27-Feb-13
143729,109996 ,Lawrence    ,656,1495,37.992545,-82.596116,OIL,000                                ,15-Apr-13
144429,110697 ,Lawrence    ,923,0,38.055798,-82.716457,OIL,000                                ,07-Apr-14
37829,3196   ,Lawrence    ,735,1161,38.081498,-82.912385,OIL,339BREA                            ,10-Jul-61
47173,2141EF ,Johnson     ,764,725,37.864058,-82.951039,OIL,337WEIR                            ,23-Jul-54
48777,66567  ,Lawrence    ,829,1899,38.166943,-82.661706,OIL,339BREA                            ,10-May-85
49045,,Johnson     ,790,972,37.85476,-82.901963,OIL,337WEIR                            ,04-Dec-60
49698,3032   ,Lawrence    ,841,1231,37.971975,-82.768525,OIL,339BREA                            ,26-Sep-61
106587,41484  ,Lawrence    ,760,1136,37.977108,-82.792944,OIL,339BREA                            ,26-Jun-92
49713,41484  ,Lawrence    ,760,1136,37.977108,-82.792944,OIL,300PLZC                            ,24-Nov-81
2046593,,Lawrence    ,737,1714,38.068864,-82.687432,OIL,000                                ,05-Apr-12
26685,50328  ,Lawrence    ,910,1167,37.996655,-83.0096,OIL,337WEIR                            ,17-Sep-82
28537,46317  ,Lawrence    ,835,1114,38.044261,-82.959445,OIL,337WEIR                            ,28-Apr-82
50823,,Lawrence    ,650,1542,38.06703,-82.675919,OIL,339BREA                            ,
53593,67909  ,Lawrence    ,750,1557,38.1595,-82.772857,OIL,339BREA                            ,17-Jun-85
66798,31059  ,Greenup     ,746,1178,38.450824,-82.794762,OIL,339BREA                            ,22-Nov-76
141335,108176 ,Greenup     ,666,2913,38.448119,-82.813978,OIL,000                                ,20-Jul-11
86450,2360   ,Lawrence    ,803,1894,38.129507,-82.658656,OIL,339BREA                            ,09-Apr-61
11482,41084  ,Lawrence    ,840,1030,37.993552,-83.007002,OIL,339BREA                            ,02-Apr-81
11483,47708  ,Lawrence    ,780,989,37.99146,-83.005101,OIL,339BREA                            ,11-Aug-82
143259,109589 ,Greenup     ,706,3812,38.45244,-82.83193,OIL,341BREA                            ,16-Oct-12
143260,109590 ,Greenup     ,761,4051,38.441849,-82.816743,OIL,341BREA                            ,23-Oct-12
143340,109672 ,Lawrence    ,613,1343,38.02101,-82.640425,OIL,000                                ,03-Dec-12
143868,110129 ,Greenup     ,708,4060,38.449416,-82.839328,OIL,000                                ,14-Jun-13
144149,110453 ,Lawrence    ,736,0,37.963059,-82.755909,OIL,000                                ,
144150,110445 ,Lawrence    ,659,4254,38.110307,-82.673136,OIL,000                                ,16-Oct-13
105159,16543  ,Greenup     ,725,1040,38.45508,-82.791968,OIL,337WEIR                            ,29-Oct-91
35772,,Johnson     ,1164,1247,37.857231,-82.968945,OIL,337WEIR                            ,
36481,,Johnson     ,855,925,37.865294,-82.919264,OIL,339BREA                            ,
36482,,Johnson     ,730,715,37.868817,-82.957548,OIL,339BREA                            ,31-Dec-22
37448,38880  ,Johnson     ,805,1020,37.973758,-82.97063,OIL,337WEIR2                           ,10-Dec-80
37449,38879  ,Johnson     ,960,870,37.977106,-82.982528,OIL,339BREA                            ,09-Jan-81
39035,5464   ,Lawrence    ,832,941,37.974305,-82.993697,OIL,339BREA                            ,02-Feb-62
41911,63611  ,Lawrence    ,955,1230,38.022777,-82.997223,OIL,337WEIR                            ,30-Aug-84
49038,19476  ,Johnson     ,1040,1195,37.849761,-82.961535,OIL,337WEIR                            ,15-Aug-67
49638,6599   ,Lawrence    ,800,1184,37.98466,-82.779919,OIL,339BREA                            ,11-Dec-62
49705,2106   ,Lawrence    ,786,1137,37.993959,-82.794101,OIL,339BREA                            ,21-Mar-61
49706,5279   ,Lawrence    ,675,1085,37.995881,-82.787497,OIL,339BREA                            ,17-Jan-61
2046584,,Lawrence    ,591,1536,37.940199,-82.640615,OIL,000                                ,31-Dec-18
26877,50327  ,Lawrence    ,835,1055,37.99492,-83.008651,OIL,337WEIR                            ,19-Sep-82
51396,,Lawrence    ,740,1865,38.118589,-82.638634,OIL,339BREA                            ,14-Feb-21
51397,,Lawrence    ,600,1814,38.148851,-82.639123,OIL,339BREA                            ,14-Apr-20
51904,3460   ,Lawrence    ,712,1656,38.066728,-82.704655,OIL,339BREA                            ,12-Sep-61
66807,21534  ,Greenup     ,602,1014,38.445907,-82.783359,OIL,339BREA                            ,02-Oct-68
85470,,Lawrence    ,575,1692,38.074752,-82.608337,OIL,339BREA                            ,
85502,5896   ,Lawrence    ,864,1087,38.016781,-83.00284,OIL,339BREA                            ,26-Apr-62
86510,1253   ,Lawrence    ,638,1703,38.156676,-82.674719,OIL,339BREA                            ,26-Nov-60
86613,7166   ,Lawrence    ,765,1851,38.13045,-82.659541,OIL,339BREA                            ,04-Sep-62
142277,108780 ,Greenup     ,622,3167,38.391022,-82.840398,OIL,341BREA                            ,15-Nov-11
143664,109945 ,Greenup     ,735,3979,38.446616,-82.820318,OIL,000                                ,08-Mar-13
143435,109779 ,Greenup     ,777,3817,38.401111,-82.866392,OIL,000                                ,20-May-13
143537,109888 ,Lawrence    ,577,1395,38.030145,-82.620759,OIL,000                                ,18-Feb-13
143940,110257 ,Lawrence    ,584,3689,38.016408,-82.632486,OIL,000                                ,08-Apr-13
143942,110255 ,Lawrence    ,622,5326,38.027214,-82.649941,OIL,000                                ,14-May-13
35782,9823   ,Johnson     ,1087,908,37.863558,-82.967992,OIL,337WEIR                            ,05-Oct-63
39032,37622  ,Lawrence    ,831,927,37.986442,-82.986726,OIL,337WEIR2                           ,07-Jul-80
42504,63867  ,Lawrence    ,850,1712,38.159393,-82.758204,OIL,339BREA                            ,19-Nov-84
49635,5746   ,Lawrence    ,930,1336,37.98617,-82.779399,OIL,339BREA                            ,01-Jun-62
26686,50330  ,Lawrence    ,870,1061,37.993442,-83.005024,OIL,337WEIR                            ,15-Sep-82
28536,48713  ,Lawrence    ,925,1150,38.003433,-82.997779,OIL,337WEIR                            ,07-Aug-82
59803,69591  ,Lawrence    ,887,1043,37.999769,-82.992148,OIL,337WEIR                            ,03-Sep-85
141377,108190 ,Greenup     ,882,3161,38.454654,-82.807752,OIL,341BREA                            ,06-Nov-11
141867,108398 ,Greenup     ,734,1225,38.459308,-82.842003,OIL,000                                ,19-Aug-11
86269,2577   ,Lawrence    ,575,1627,38.1609,-82.675335,OIL,339BREA                            ,25-Apr-61
86449,4165   ,Lawrence    ,804,1890,38.131274,-82.659715,OIL,339BREA                            ,16-Sep-61
86460,2175EF ,Lawrence    ,794,1865,38.127155,-82.6573,OIL,339BREA                            ,19-Aug-54
86511,1254   ,Lawrence    ,612,1695,38.158429,-82.674491,OIL,339BREA                            ,26-Oct-60
86581,21187  ,Lawrence    ,840,1871,38.130862,-82.665276,OIL,339BREA                            ,28-Aug-68
86591,11227  ,Lawrence    ,762,1843,38.127979,-82.658846,OIL,339BREA                            ,17-Mar-64
11656,41481  ,Lawrence    ,607,1634,38.160162,-82.683388,OIL,339BREA                            ,15-Aug-81
143663,109939 ,Greenup     ,781,4388,38.451737,-82.834455,OIL,341BREA                            ,24-Feb-13
144102,110409 ,Lawrence    ,751,0,37.964039,-82.757948,OIL,000                                ,
107187,84195  ,Lawrence    ,838,1165,37.976669,-82.798564,OIL,339BREA                            ,16-Dec-92
36180,1496EF ,Lawrence    ,790,1067,38.013157,-82.993122,OIL,337WEIR                            ,14-Jul-53
43771,58765  ,Lawrence    ,617,1649,38.153846,-82.682345,OIL,339BREA                            ,15-Mar-84
49636,1093   ,Lawrence    ,768,1200,37.98974,-82.78096,OIL,339BREA                            ,03-May-61
2046578,N19693 ,Lawrence    ,643,1704,38.067579,-82.635296,OIL,000                                ,
2046590,,Lawrence    ,587,,38.053982,-82.604167,OIL,000                                ,
28544,55431  ,Lawrence    ,696,1838,38.221225,-82.744048,OIL,339BREA                            ,18-May-83
31228,,Lawrence    ,930,1135,38.016804,-82.915105,OIL,337WEIR                            ,11-Feb-21
50822,,Lawrence    ,630,1516,38.069227,-82.681129,OIL,339BREA                            ,28-Jul-19
62628,3649EF ,Lawrence    ,780,1524,37.946842,-82.676745,OIL,000                                ,19-Jan-57
